rank,item,repo_name,stars,forks,language,repo_url,username,issues,last_commit,description
1,Solidity,EIPs,11355,4545,Solidity,https://github.com/ethereum/EIPs,ethereum,16,2023-04-03T20:00:11Z,The Ethereum Improvement Proposal repository
2,Solidity,WTF-Solidity,6753,1067,Solidity,https://github.com/AmazingAng/WTF-Solidity,AmazingAng,6,2023-04-03T18:49:41Z,ÊàëÊúÄËøëÂú®ÈáçÊñ∞Â≠¶solidityÔºåÂ∑©Âõ∫‰∏Ä‰∏ãÁªÜËäÇÔºå‰πüÂÜô‰∏Ä‰∏™‚ÄúWTF SolidityÊûÅÁÆÄÂÖ•Èó®‚ÄùÔºå‰æõÂ∞èÁôΩ‰ª¨‰ΩøÁî®ÔºåÊØèÂë®Êõ¥Êñ∞1-3ËÆ≤„ÄÇÂÆòÁΩë: https://wtf.academy
3,Solidity,Dapp-Learning,3727,1011,Solidity,https://github.com/Dapp-Learning-DAO/Dapp-Learning,Dapp-Learning-DAO,10,2023-04-03T07:46:08Z,Dapp learning project for developers at all stages. Becoming and cultivating sovereign individuals. Nonprofit organization.
4,Solidity,solmate,2972,458,Solidity,https://github.com/transmissions11/solmate,transmissions11,50,2023-03-27T04:10:59Z,"Modern, opinionated, and gas optimized building blocks for smart contract development."
5,Solidity,DeFiHackLabs,2846,516,Solidity,https://github.com/SunWeb3Sec/DeFiHackLabs,SunWeb3Sec,0,2023-04-02T13:58:48Z,Reproduce DeFi hacked incidents using Foundry.
6,Solidity,AirCash,2776,644,Solidity,https://github.com/Aircoin-official/AirCash,Aircoin-official,0,2022-04-10T11:28:24Z,Cash system for AIR.
7,Solidity,solidity-patterns,2735,469,Solidity,https://github.com/fravoll/solidity-patterns,fravoll,1,2023-03-22T13:48:58Z,A compilation of patterns and best practices for the smart contract programming language Solidity
8,Solidity,ERC721A,2258,842,Solidity,https://github.com/chiru-labs/ERC721A,chiru-labs,22,2023-03-28T21:59:50Z,https://ERC721A.org
9,Solidity,echidna,2028,260,Solidity,https://github.com/crytic/echidna,crytic,108,2023-04-02T11:24:15Z,Ethereum smart contract fuzzer
10,Solidity,learning-solidity,2007,598,Solidity,https://github.com/willitscale/learning-solidity,willitscale,2,2022-10-31T01:46:47Z,The companion to the Youtube tutorials
11,Solidity,not-so-smart-contracts,1959,292,Solidity,https://github.com/crytic/not-so-smart-contracts,crytic,5,2023-02-24T12:18:59Z,Examples of Solidity security issues
12,Solidity,seaport,1884,486,Solidity,https://github.com/ProjectOpenSea/seaport,ProjectOpenSea,22,2023-04-03T23:44:32Z,Seaport is a marketplace protocol for safely and efficiently buying and selling NFTs.
13,Solidity,building-secure-contracts,1653,268,Solidity,https://github.com/crytic/building-secure-contracts,crytic,45,2023-03-30T06:37:17Z,Guidelines and training material to write secure smart contracts
14,Solidity,subway,1587,394,Solidity,https://github.com/libevm/subway,libevm,4,2022-02-02T22:57:50Z,A practical example on how to perform sandwich attacks on Ethereum
15,Solidity,amm-arbitrageur,1484,640,Solidity,https://github.com/paco0x/amm-arbitrageur,paco0x,20,2022-12-07T13:00:31Z,An arbitrage bot between Uniswap AMMs
16,Solidity,lil-web3,1135,100,Solidity,https://github.com/m1guelpf/lil-web3,m1guelpf,6,2022-11-20T02:37:04Z,"Simple, intentionally-limited versions of web3 protocols & apps."
17,Solidity,defi-bot,1116,463,Solidity,https://github.com/ExtropyIO/defi-bot,ExtropyIO,14,2022-03-22T11:25:05Z,Tutorial for building DeFi arbitrage bots
18,Solidity,solidity-stringutils,1030,346,Solidity,https://github.com/Arachnid/solidity-stringutils,Arachnid,24,2022-08-15T09:53:22Z,Basic string utilities for Solidity
19,Solidity,solady,1019,88,Solidity,https://github.com/Vectorized/solady,Vectorized,5,2023-04-01T14:30:58Z,Optimized Solidity snippets.
20,Solidity,erc721,1018,385,Solidity,https://github.com/nibbstack/erc721,nibbstack,5,2022-08-10T08:06:18Z,The reference implementation of the ERC-721 non-fungible token standard.
21,Solidity,money-legos,955,216,Solidity,https://github.com/studydefi/money-legos,studydefi,13,2023-01-24T02:12:07Z,"üí∞One stop shop for Ethereum ABIs, addresses, and Solidity interfaces!"
22,Solidity,solidity-expert,954,188,Solidity,https://github.com/dukedaily/solidity-expert,dukedaily,1,2023-03-25T04:46:24Z,4Âπ¥ÊâìÁ£®-2022Âπ¥Êµ∑Â§ñ‰∏ÄÁ∫øÂ§ßÂéÇ-‰ª•Â§™ÂùäÂºÄÂèëÊïôÁ®ãÔºàa solidity tutorial makes you a dapp expertÔºâWIP
23,Solidity,awesome-solidity-gas-optimization,954,81,Solidity,https://github.com/iskdrews/awesome-solidity-gas-optimization,iskdrews,0,2022-09-17T20:22:55Z,Best resources for Solidity gas optimizations ‚õΩ
24,Solidity,Web3Bugs,937,115,Solidity,https://github.com/ZhangZhuoSJTU/Web3Bugs,ZhangZhuoSJTU,8,2023-03-20T18:00:18Z,Demystifying Exploitable Bugs in Smart Contracts
25,Solidity,v2-periphery,931,1511,Solidity,https://github.com/Uniswap/v2-periphery,Uniswap,37,2023-04-01T10:23:04Z,üéö Peripheral smart contracts for interacting with Uniswap V2
26,Solidity,learn-evm-attacks,911,101,Solidity,https://github.com/coinspect/learn-evm-attacks,coinspect,14,2023-03-30T20:17:01Z,Learn & Contribute on previously exploited vulnerabilities across several EVM projects.
27,Solidity,DeFiVulnLabs,881,149,Solidity,https://github.com/SunWeb3Sec/DeFiVulnLabs,SunWeb3Sec,0,2023-01-11T07:06:56Z,To learn common smart contract vulnerabilities using Foundry!
28,Solidity,smartcontract-apps,873,216,Solidity,https://github.com/33357/smartcontract-apps,33357,1,2023-03-08T03:49:58Z,ËøôÊòØ‰∏Ä‰∏™Èù¢Âêë‰∏≠ÊñáÁ§æÂå∫ÔºåÂàÜÊûêÂ∏ÇÈù¢‰∏äÊô∫ËÉΩÂêàÁ∫¶Â∫îÁî®ÁöÑÊû∂ÊûÑ‰∏éÂÆûÁé∞ÁöÑ‰ªìÂ∫ì„ÄÇ
29,Solidity,xtt,848,64,Solidity,https://github.com/xtblock/xtt,xtblock,12,2022-07-05T06:58:50Z,XTblock Token - Smart Contracts
30,Solidity,useful-solidity-patterns,834,69,Solidity,https://github.com/dragonfly-xyz/useful-solidity-patterns,dragonfly-xyz,0,2023-03-17T07:32:30Z,
31,Solidity,shisi.eth-in-web3,811,345,Solidity,https://github.com/luyishisi/shisi.eth-in-web3,luyishisi,0,2023-03-16T07:53:41Z,ÂçÅÂõõÂêõÂÖ¨‰ºóÂè∑ÊñáÁ´†ÁöÑÁõ∏ÂÖ≥‰ª£Á†ÅËµÑÊ∫êÂºÄÊ∫ê
32,Solidity,multicall,806,325,Solidity,https://github.com/makerdao/multicall,makerdao,6,2023-03-26T08:19:51Z,Multicall: Aggregate multiple constant function call results into one
33,Solidity,nft-mix,804,418,Solidity,https://github.com/PatrickAlphaC/nft-mix,PatrickAlphaC,11,2022-04-25T02:11:34Z,
34,Solidity,hashlips_nft_contract,800,677,Solidity,https://github.com/HashLips/hashlips_nft_contract,HashLips,48,2022-10-23T16:20:12Z,A simple NFT smart contract that works with the rest of the HashLips ecosystem.
35,Solidity,ethereum-api,765,427,Solidity,https://github.com/provable-things/ethereum-api,provable-things,11,2023-02-16T21:45:20Z,Provable API for Ethereum smart contracts
36,Solidity,unlock,744,194,Solidity,https://github.com/unlock-protocol/unlock,unlock-protocol,115,2023-04-04T00:38:10Z,…Ñnlock is a protocol for memberships built on a blockchain.
37,Solidity,defi-sdk,731,228,Solidity,https://github.com/zeriontech/defi-sdk,zeriontech,23,2023-03-03T13:44:27Z,DeFi SDK Makes Money Lego Work
38,Solidity,SWC-registry,720,143,Solidity,https://github.com/SmartContractSecurity/SWC-registry,SmartContractSecurity,15,2023-03-07T16:23:27Z,Smart Contract Weakness Classification and Test Cases
39,Solidity,olympus-contracts,716,949,Solidity,https://github.com/OlympusDAO/olympus-contracts,OlympusDAO,42,2023-01-25T20:06:27Z,
40,Solidity,weird-erc20,701,78,Solidity,https://github.com/d-xo/weird-erc20,d-xo,1,2023-02-28T14:40:56Z,weird erc20 tokens
41,Solidity,contracts,679,324,Solidity,https://github.com/thirdweb-dev/contracts,thirdweb-dev,3,2023-03-29T00:01:31Z,Collection of smart contracts deployable via thirdweb
42,Solidity,DARC,679,34,Solidity,https://github.com/Project-DARC/DARC,Project-DARC,0,2023-04-03T03:11:53Z,Decentralized Autonomous Regulated Company (DARC) is a virtual machine company that runs on any EVM-compatible blockchain. It features a built-in multi-token and plugin system.
43,Solidity,Safemoon.sol,666,934,Solidity,https://github.com/safemoonprotocol/Safemoon.sol,safemoonprotocol,97,2022-05-27T01:22:07Z,safemoon contract
44,Solidity,Journey-to-become-a-Blockchain-Engineer,657,163,Solidity,https://github.com/spo0ds/Journey-to-become-a-Blockchain-Engineer,spo0ds,0,2023-02-26T18:03:10Z,I'm sharing everything I'm learning to become a Blockchain Engineer
45,Solidity,dss,655,377,Solidity,https://github.com/makerdao/dss,makerdao,11,2023-03-26T09:20:06Z,Dai Stablecoin System
46,Solidity,prettier-plugin-solidity,649,70,Solidity,https://github.com/prettier-solidity/prettier-plugin-solidity,prettier-solidity,8,2023-04-03T06:56:46Z,A Prettier plugin for automatically formatting your Solidity code.
47,Solidity,aragonOS,638,254,Solidity,https://github.com/aragon/aragonOS,aragon,39,2023-03-08T16:47:05Z,(Aragon 1) Reference implementation for aragonOS: a Solidity framework for building complex dApps and protocols
48,Solidity,yam-protocol,634,259,Solidity,https://github.com/yam-finance/yam-protocol,yam-finance,11,2022-08-28T02:22:17Z,A stablizing reserve currency protocol
49,Solidity,account-abstraction,631,222,Solidity,https://github.com/eth-infinitism/account-abstraction,eth-infinitism,2,2023-04-02T20:55:58Z,
50,Solidity,rarity,618,120,Solidity,https://github.com/andrecronje/rarity,andrecronje,40,2022-05-19T09:12:51Z,d20srd reference implementation codified in solidity
51,Solidity,prb-math,597,93,Solidity,https://github.com/PaulRBerg/prb-math,PaulRBerg,12,2023-03-30T08:28:18Z,Solidity library for advanced fixed-point math
52,Solidity,verified-smart-contracts,596,135,Solidity,https://github.com/runtimeverification/verified-smart-contracts,runtimeverification,8,2022-08-28T02:08:14Z,Smart contracts which are formally verified
53,Solidity,contracts,595,99,Solidity,https://github.com/CodeforDAO/contracts,CodeforDAO,1,2022-08-01T15:57:14Z,Solidity smart contracts of CodeforDAO
54,Solidity,solidity_smart_contracts,574,509,Solidity,https://github.com/HashLips/solidity_smart_contracts,HashLips,34,2022-02-05T19:16:08Z,A list of smart contracts coded in solidity 
55,Solidity,ERC4610,571,96,Solidity,https://github.com/AFKDAO/ERC4610,AFKDAO,0,2022-04-22T06:57:58Z,ERC-4610 is an extension of ERC-721 and it aims to provide standardized token rental and loanable protocol for ecological applications such as blockchain games.
56,Solidity,damn-vulnerable-defi,566,880,Solidity,https://github.com/OpenZeppelin/damn-vulnerable-defi,OpenZeppelin,4,2022-11-19T13:33:04Z,
57,Solidity,flashside,563,111,Solidity,https://github.com/Anish-Agnihotri/flashside,Anish-Agnihotri,0,2022-05-01T01:31:18Z,Long-tail MEV contracts to claim Otherside land NFTs
58,Solidity,wrapper,545,86,Solidity,https://github.com/AFKDAO/wrapper,AFKDAO,0,2022-01-12T11:38:53Z,Wrapper is a contract where you can wrap or transform an existing ERC-721 token into a new wrapped token with ERC-4610 standard.
59,Solidity,forge-std,539,142,Solidity,https://github.com/foundry-rs/forge-std,foundry-rs,24,2023-04-01T16:44:16Z,"Forge Standard Library is a collection of helpful contracts for use with forge and foundry. It leverages forge's cheatcodes to make writing tests easier and faster, while improving the UX of cheatcodes. For more in-depth usage examples checkout the tests."
60,Solidity,BEPs,534,353,Solidity,https://github.com/bnb-chain/BEPs,bnb-chain,12,2023-04-03T22:51:06Z,BNB Evolution Proposals
61,Solidity,flashloan-box,527,234,Solidity,https://github.com/aave/flashloan-box,aave,6,2023-01-24T02:14:37Z,A box containing all you need to get started with developing  Aave v1 flash loans
62,Solidity,cannon,504,81,Solidity,https://github.com/ethereum-optimism/cannon,ethereum-optimism,23,2023-02-06T12:17:03Z,On chain interactive fault prover for Ethereum
63,Solidity,solidity-examples,495,150,Solidity,https://github.com/ethereum/solidity-examples,ethereum,16,2023-01-03T17:13:31Z,Loose collection of Solidity example code
64,Solidity,ERC223-token-standard,490,249,Solidity,https://github.com/Dexaran/ERC223-token-standard,Dexaran,4,2023-02-10T15:17:03Z,ERC-223 token standard reference implementation.
65,Solidity,book,489,285,Solidity,https://github.com/foundry-rs/book,foundry-rs,53,2023-04-03T13:17:20Z,"A book on all things Foundry, available at https://book.getfoundry.sh."
66,Solidity,paradigm-ctf-2021,488,88,Solidity,https://github.com/paradigmxyz/paradigm-ctf-2021,paradigmxyz,1,2022-08-17T03:10:31Z,Official repository for Paradigm CTF 2021
67,Solidity,flashloaner-contract,487,302,Solidity,https://github.com/pedrobergamini/flashloaner-contract,pedrobergamini,4,2022-09-08T18:40:24Z,Flash loan based arbitrages examples
68,Solidity,optimal-sandwich,486,126,Solidity,https://github.com/mevcheb/optimal-sandwich,mevcheb,1,2022-01-15T04:39:56Z,we do a little bit of mathematics to make a little bit of money
69,Solidity,defi-by-example,481,202,Solidity,https://github.com/stakewithus/defi-by-example,stakewithus,8,2022-10-26T12:52:13Z,
70,Solidity,securify2,480,98,Solidity,https://github.com/eth-sri/securify2,eth-sri,32,2022-08-28T02:30:55Z,Securify v2.0
71,Solidity,permit2,480,65,Solidity,https://github.com/Uniswap/permit2,Uniswap,4,2023-03-08T18:00:31Z,üîëüîëüîë next generation token approvals mechanism
72,Solidity,optimism-tutorial,465,185,Solidity,https://github.com/ethereum-optimism/optimism-tutorial,ethereum-optimism,1,2023-03-27T20:54:54Z,Build your first app on Optimism!
73,Solidity,ctf-blockchain,464,33,Solidity,https://github.com/minaminao/ctf-blockchain,minaminao,0,2023-04-01T01:04:50Z,A summary of 100+ CTF blockchain challenges
74,Solidity,argent-contracts,464,158,Solidity,https://github.com/argentlabs/argent-contracts,argentlabs,4,2023-03-12T11:12:24Z,Smart Contracts for Argent Wallet
75,Solidity,1inchProtocol,458,270,Solidity,https://github.com/1inch/1inchProtocol,1inch,40,2021-10-27T22:22:40Z,1inch Protocol ‚Äì fully on-chain DeFi aggregation protocol
76,Solidity,sMEV,448,102,Solidity,https://github.com/bertmiller/sMEV,bertmiller,1,2021-09-06T10:59:41Z,
77,Solidity,chainlink-mix,447,178,Solidity,https://github.com/smartcontractkit/chainlink-mix,smartcontractkit,9,2023-02-08T20:58:39Z,"Working with smart contracts with eth-brownie, python, and Chainlink. "
78,Solidity,ethereum-examples,441,166,Solidity,https://github.com/provable-things/ethereum-examples,provable-things,5,2023-03-07T08:04:47Z,Code examples showing how to use the Provable API on Ethereum
79,Solidity,yearn-protocol,436,216,Solidity,https://github.com/yearn/yearn-protocol,yearn,0,2021-11-08T23:18:02Z,Yearn smart contracts
80,Solidity,bsc-genesis-contract,434,559,Solidity,https://github.com/bnb-chain/bsc-genesis-contract,bnb-chain,18,2023-04-01T19:03:13Z,The genesis contracts of BNB Smart Chain.
81,Solidity,semgrep-smart-contracts,429,59,Solidity,https://github.com/Decurity/semgrep-smart-contracts,Decurity,1,2023-03-31T14:16:46Z,Semgrep rules for smart contracts based on DeFi exploits
82,Solidity,DEX-Arbitrage,423,246,Solidity,https://github.com/jamesbachini/DEX-Arbitrage,jamesbachini,0,2022-12-28T10:56:11Z,Example arbitrage trading bot
83,Solidity,pancake-farm,422,763,Solidity,https://github.com/pancakeswap/pancake-farm,pancakeswap,7,2021-10-11T19:06:26Z,
84,Solidity,art-gobblers,418,52,Solidity,https://github.com/artgobblers/art-gobblers,artgobblers,0,2022-12-09T22:05:55Z,An experimental decentralized art factory by Justin Roiland and Paradigm.
85,Solidity,smart-contract,406,279,Solidity,https://github.com/Fankouzu/smart-contract,Fankouzu,2,2021-01-02T06:53:31Z,Â≠¶‰π†Êô∫ËÉΩÂêàÁ∫¶
86,Solidity,solidity-bytes-utils,395,81,Solidity,https://github.com/GNSPS/solidity-bytes-utils,GNSPS,3,2023-03-28T01:07:29Z,Utility Solidity library composed of basic operations for tightly packed bytes arrays
87,Solidity,erc-1155,394,203,Solidity,https://github.com/enjin/erc-1155,enjin,10,2023-03-16T13:45:44Z,ERC-1155: Smart Contract Sample Implementation
88,Solidity,hot-chain-svg,384,46,Solidity,https://github.com/w1nt3r-eth/hot-chain-svg,w1nt3r-eth,4,2023-01-20T17:08:13Z,
89,Solidity,aave-flashloan-mix,381,259,Solidity,https://github.com/brownie-mix/aave-flashloan-mix,brownie-mix,15,2022-08-07T11:14:09Z,A Brownie mix containing all you need to get started with developing flash loans
90,Solidity,keep3r.network,375,123,Solidity,https://github.com/keep3r-network/keep3r.network,keep3r-network,10,2022-08-28T02:12:22Z,An incentivized keeper network for anonymous keeper and job registration
91,Solidity,damn-vulnerable-defi-foundry,366,92,Solidity,https://github.com/nicolasgarcia214/damn-vulnerable-defi-foundry,nicolasgarcia214,2,2023-03-15T22:36:32Z,Damn Vulnerable DeFi - Foundry Version
92,Solidity,eth-arbitrage,356,114,Solidity,https://github.com/Devilla/eth-arbitrage,Devilla,4,2023-03-17T05:46:38Z,A DeFi Arbitrage Bot with DyDx Flashloans.
93,Solidity,solidity-idiosyncrasies,347,50,Solidity,https://github.com/miguelmota/solidity-idiosyncrasies,miguelmota,0,2020-11-30T02:11:40Z,"Solidity gotchas, pitfalls, limitations, and idiosyncrasies."
94,Solidity,frax-solidity,347,134,Solidity,https://github.com/FraxFinance/frax-solidity,FraxFinance,0,2023-04-03T16:39:31Z,Solidity implementation of the Frax Protocol
95,Solidity,clone-factory,342,84,Solidity,https://github.com/optionality/clone-factory,optionality,8,2022-08-20T20:46:59Z,Simple clone contract factory
96,Solidity,forge-template,342,97,Solidity,https://github.com/foundry-rs/forge-template,foundry-rs,1,2022-12-07T04:58:31Z,Forkable template to get you started with Foundry's Forge
97,Solidity,LayerZero,341,259,Solidity,https://github.com/LayerZero-Labs/LayerZero,LayerZero-Labs,11,2023-02-04T02:14:57Z,An Omnichain Interoperability Protocol
98,Solidity,security-oracle-smart-contracts,335,9,Solidity,https://github.com/shentufoundation/security-oracle-smart-contracts,shentufoundation,0,2021-01-21T19:56:43Z,Smart Contracts for CertiK Security Oracle
99,Solidity,abdk-libraries-solidity,329,106,Solidity,https://github.com/abdk-consulting/abdk-libraries-solidity,abdk-consulting,0,2023-02-16T19:18:25Z,Open-Source Libraries for Solidity by ABDK Consulting
100,Solidity,CryptoVulhub,326,71,Solidity,https://github.com/Rivaill/CryptoVulhub,Rivaill,1,2022-04-23T01:35:12Z,Analyze and reproduce attack events or vulnerabilities in the blockchain world.
1,Vyper,yearn-fees,27,1,Vyper,https://github.com/banteg/yearn-fees,banteg,0,2022-07-25T03:25:46Z,a quest for accurate fee accounting
2,Vyper,curve-veBoost,26,13,Vyper,https://github.com/curvefi/curve-veBoost,curvefi,0,2022-07-18T23:02:31Z,Curve veCRV Boost Delegation
3,Vyper,vyper-contracts,26,3,Vyper,https://github.com/tserg/vyper-contracts,tserg,0,2023-02-12T08:38:12Z,Collection of Vyper contracts
4,Vyper,tricrypto-ng,23,6,Vyper,https://github.com/curvefi/tricrypto-ng,curvefi,0,2023-03-31T10:55:38Z,"Automatic Market Maker (AMM) for three unpegged assets, written in Vyper."
5,Vyper,perp-collateral-liquidator,20,10,Vyper,https://github.com/perpetual-protocol/perp-collateral-liquidator,perpetual-protocol,0,2023-03-23T06:29:45Z,
6,Vyper,metaregistry,17,4,Vyper,https://github.com/curvefi/metaregistry,curvefi,0,2022-12-21T17:51:42Z,One Registry to Rule Them All
7,Vyper,vyper-greatest-hits,16,2,Vyper,https://github.com/pynchmeister/vyper-greatest-hits,pynchmeister,0,2023-03-30T10:31:12Z,A collection of Vyper code across various topics and concepts
8,Vyper,uni_snake,15,3,Vyper,https://github.com/pandadefi/uni_snake,pandadefi,0,2022-11-02T10:09:33Z,
9,Vyper,vyper-reference-contracts,14,1,Vyper,https://github.com/charles-cooper/vyper-reference-contracts,charles-cooper,0,2022-07-27T15:10:21Z,reference vyper contracts
10,Vyper,layerzero-vyper-examples,14,0,Vyper,https://github.com/z80dev/layerzero-vyper-examples,z80dev,0,2023-02-26T21:04:09Z,Vyper examples of LZ-enabled Omnichain contracts
11,Vyper,crvfunder,13,3,Vyper,https://github.com/vefunder/crvfunder,vefunder,0,2022-03-28T22:05:23Z,A Curve DAO-controlled fundraising smart contract system that directs inflation to funding-seekers.
12,Vyper,ERC20,12,7,Vyper,https://github.com/ApeAcademy/ERC20,ApeAcademy,2,2023-02-22T19:38:48Z,Fresh and Ape-y Token Template
13,Vyper,ERC721,12,6,Vyper,https://github.com/ApeAcademy/ERC721,ApeAcademy,3,2023-03-14T16:51:54Z,Fresh and Ape-y NFT Template
14,Vyper,Vyper-Multisig,9,0,Vyper,https://github.com/crypdoughdoteth/Vyper-Multisig,crypdoughdoteth,0,2023-01-10T02:41:57Z,"Multisig using Vyper, WIP "
15,Vyper,Layer2DAO,9,1,Vyper,https://github.com/Layer2DAO/Layer2DAO,Layer2DAO,0,2022-11-18T20:53:06Z,
16,Vyper,vyper-flashloan,8,1,Vyper,https://github.com/bsh98/vyper-flashloan,bsh98,0,2022-05-02T20:43:47Z,vyper implementation of an aave flash loan receiver
17,Vyper,hodlem,7,0,Vyper,https://github.com/xrchz/hodlem,xrchz,0,2023-04-03T01:50:56Z,Decentralised Texas Hold'em Poker for Ethereum
18,Vyper,erc20-language-tests,6,0,Vyper,https://github.com/de33/erc20-language-tests,de33,0,2022-04-18T12:13:23Z,compares ERC20 contracts in Vyper and Solidity
19,Vyper,2048-in-Vyxal,6,1,Vyper,https://github.com/Lyxal/2048-in-Vyxal,Lyxal,1,2022-06-10T01:44:48Z,The classic 2048 game in Vyxal (text-only)
20,Vyper,uniswap-v2-vyper,5,0,Vyper,https://github.com/deltartificial/uniswap-v2-vyper,deltartificial,0,2022-09-10T10:49:40Z,üêç Uniswap V2 Interfaces implemented in Vyper
21,Vyper,vyper-with-inheritence,5,1,Vyper,https://github.com/0xClandestine/vyper-with-inheritence,0xClandestine,0,2022-09-14T01:53:08Z,
22,Vyper,smart-contracts,5,1,Vyper,https://github.com/VyperTraining/smart-contracts,VyperTraining,0,2022-07-15T18:46:30Z,
23,Vyper,LearnMoreVyper,4,0,Vyper,https://github.com/0x0077/LearnMoreVyper,0x0077,0,2023-02-19T15:03:06Z,Blockchain by Vyper
24,Vyper,crvtricrypto-arbitrage-polygon,3,1,Vyper,https://github.com/bout3fiddy/crvtricrypto-arbitrage-polygon,bout3fiddy,0,2022-07-29T11:05:14Z,A very basic example of arbitrage bots for Curve pools.
25,Vyper,FrogNationDAO_contract,3,0,Vyper,https://github.com/DevSCNinja/FrogNationDAO_contract,DevSCNinja,0,2022-03-04T15:31:20Z,
26,Vyper,simple-swap-vyper,3,1,Vyper,https://github.com/deltartificial/simple-swap-vyper,deltartificial,0,2022-10-04T15:45:14Z,Vyper Simple Swap - This contract is used to execute swaps between two tokens on Uniswap V2 Router.
27,Vyper,vyper-ERC721A,3,0,Vyper,https://github.com/M4cs/vyper-ERC721A,M4cs,0,2022-08-06T05:19:54Z,ERC721A Implementation Written in Vyperlang - WIP
28,Vyper,goerli-playground,3,1,Vyper,https://github.com/Gearbox-protocol/goerli-playground,Gearbox-protocol,0,2022-10-04T08:53:33Z,
29,Vyper,vyper-nft-example,3,1,Vyper,https://github.com/vykintasmak/vyper-nft-example,vykintasmak,0,2022-02-23T13:41:22Z,
30,Vyper,eu-action-1,2,0,Vyper,https://github.com/pacdao/eu-action-1,pacdao,0,2022-05-10T11:22:25Z,
31,Vyper,EggNFT,2,0,Vyper,https://github.com/palomachain/EggNFT,palomachain,0,2022-10-12T17:19:49Z,
32,Vyper,learn-vyper-basics,2,1,Vyper,https://github.com/soos3d/learn-vyper-basics,soos3d,0,2022-09-02T20:22:34Z,Here you will find .vy files containing notes and explanations about the basics of the Vyper smart contracts language. These are meant to help you get used to the syntax. 
33,Vyper,Vyper-ERC721,2,0,Vyper,https://github.com/c1im4cu5/Vyper-ERC721,c1im4cu5,0,2022-07-20T04:19:08Z,Training for Vyper Smart Contract Language
34,Vyper,Wolvercoin,2,4,Vyper,https://github.com/HarvardWestlake/Wolvercoin,HarvardWestlake,4,2023-04-03T03:05:03Z,Wolvercoin code creation
35,Vyper,vyper_smartContracts,2,0,Vyper,https://github.com/jaglinux/vyper_smartContracts,jaglinux,0,2023-01-12T09:00:50Z,Collection of Vyper smart contracts
36,Vyper,layer2dao-contracts,1,0,Vyper,https://github.com/TheLayer2DAO/layer2dao-contracts,TheLayer2DAO,0,2022-11-20T21:13:03Z,Layer2DAO Contracts
37,Vyper,polygon-staking,1,1,Vyper,https://github.com/ArrakisFinance/polygon-staking,ArrakisFinance,0,2023-01-23T13:47:09Z,
38,Vyper,eXRP-Contracts,1,0,Vyper,https://github.com/ObiajuluM/eXRP-Contracts,ObiajuluM,0,2022-10-21T09:11:56Z,Contracts to emulate XRPL objects on EVM chains
39,Vyper,WethTest,1,0,Vyper,https://github.com/rockorama/WethTest,rockorama,0,2022-11-22T01:20:08Z,
40,Vyper,vyper,1,0,Vyper,https://github.com/MaicFdz/vyper,MaicFdz,0,2022-08-31T18:11:35Z,
41,Vyper,CPAMM-Vy,1,0,Vyper,https://github.com/mrWojackETH/CPAMM-Vy,mrWojackETH,0,2022-09-18T18:22:12Z,CPAMM coded using Vyper 
42,Vyper,fair-funding,1,0,Vyper,https://github.com/Unstoppable-DeFi/fair-funding,Unstoppable-DeFi,0,2023-03-16T07:35:19Z,
43,Vyper,vybes,1,0,Vyper,https://github.com/0xMaka/vybes,0xMaka,0,2023-01-01T22:51:25Z,"For fun and study, with some vy (and maybe a lil py)."
44,Vyper,Hackxyk-Stablecoin-Challenges,1,0,Vyper,https://github.com/0xJCN/Hackxyk-Stablecoin-Challenges,0xJCN,0,2023-01-31T13:16:46Z,"Hackxyk Stablecoin Challenges implementation with Ape, exploits with Vyper"
45,Vyper,zap-eth,1,0,Vyper,https://github.com/pandadefi/zap-eth,pandadefi,0,2022-06-23T14:38:58Z,
46,Vyper,mind,1,0,Vyper,https://github.com/nanefi/mind,nanefi,0,2022-04-23T09:02:30Z,Smart contracts for Nane
47,Vyper,Staking-Vyper,1,0,Vyper,https://github.com/mrWojackETH/Staking-Vyper,mrWojackETH,0,2022-09-28T08:30:59Z,Staking rewards vyper app based on Syntetix code.
48,Vyper,cs839-blockchain,1,0,Vyper,https://github.com/myanagis/cs839-blockchain,myanagis,0,2023-03-01T03:48:25Z,
49,Vyper,NFT-Auction-Vyper,1,0,Vyper,https://github.com/adamtaitano/NFT-Auction-Vyper,adamtaitano,0,2022-09-02T18:17:23Z,NFT + Auction contracts in vyper
50,Vyper,bounce,1,0,Vyper,https://github.com/kennybetz/bounce,kennybetz,0,2022-08-11T13:25:55Z,Reversible transactions - ONE + ETH
51,Vyper,mimo-dao-contracts,1,0,Vyper,https://github.com/mimoprotocol/mimo-dao-contracts,mimoprotocol,0,2022-05-06T02:46:24Z,
52,Vyper,magic-stablecoin,1,0,Vyper,https://github.com/0xMannny/magic-stablecoin,0xMannny,0,2023-02-22T19:09:07Z,It's magic!
53,Vyper,2023-02-fair-funding,1,0,Vyper,https://github.com/sherlock-audit/2023-02-fair-funding,sherlock-audit,0,2023-03-03T20:42:22Z,
1,Rust,deno,88770,4810,Rust,https://github.com/denoland/deno,denoland,1216,2023-04-04T00:31:18Z,A modern runtime for JavaScript and TypeScript.
2,Rust,rust,79778,10593,Rust,https://github.com/rust-lang/rust,rust-lang,8860,2023-04-04T00:34:48Z,Empowering everyone to build reliable and efficient software.
3,Rust,tauri,61730,1638,Rust,https://github.com/tauri-apps/tauri,tauri-apps,393,2023-04-04T00:17:18Z,"Build smaller, faster, and more secure desktop applications with a web frontend."
4,Rust,alacritty,45837,2734,Rust,https://github.com/alacritty/alacritty,alacritty,304,2023-04-03T22:58:07Z,"A cross-platform, OpenGL terminal emulator."
5,Rust,bat,40507,1060,Rust,https://github.com/sharkdp/bat,sharkdp,176,2023-04-01T02:58:15Z,A cat(1) clone with wings.
6,Rust,rustdesk,40123,3798,Rust,https://github.com/rustdesk/rustdesk,rustdesk,114,2023-04-04T00:15:09Z,Virtual / remote desktop infrastructure for everyone! Open source TeamViewer / Citrix alternative.
7,Rust,ripgrep,36963,1653,Rust,https://github.com/BurntSushi/ripgrep,BurntSushi,143,2023-04-03T19:13:14Z,ripgrep recursively searches directories for a regex pattern while respecting your gitignore
8,Rust,rustlings,36602,6266,Rust,https://github.com/rust-lang/rustlings,rust-lang,92,2023-04-02T10:46:50Z,:crab: Small exercises to get you used to reading and writing Rust code!
9,Rust,meilisearch,35353,1276,Rust,https://github.com/meilisearch/meilisearch,meilisearch,115,2023-04-03T19:14:45Z,"A lightning-fast search engine that fits effortlessly into your apps, websites, and workflow."
10,Rust,awesome-rust,33627,2135,Rust,https://github.com/rust-unofficial/awesome-rust,rust-unofficial,11,2023-04-03T19:45:14Z,A curated list of Rust code and resources.
11,Rust,starship,33508,1434,Rust,https://github.com/starship/starship,starship,419,2023-04-03T20:43:15Z,"‚òÑüååÔ∏è  The minimal, blazing-fast, and infinitely customizable prompt for any shell!"
12,Rust,ChatGPT,29271,2993,Rust,https://github.com/lencx/ChatGPT,lencx,289,2023-04-02T04:55:01Z,"üîÆ ChatGPT Desktop Application (Mac, Windows and Linux)"
13,Rust,yew,26991,1294,Rust,https://github.com/yewstack/yew,yewstack,96,2023-04-03T20:50:27Z,Rust / Wasm framework for building client web apps
14,Rust,fd,26957,686,Rust,https://github.com/sharkdp/fd,sharkdp,68,2023-04-01T20:32:17Z,"A simple, fast and user-friendly alternative to 'find'"
15,Rust,swc,26825,950,Rust,https://github.com/swc-project/swc,swc-project,321,2023-04-03T20:27:43Z,Rust-based platform for the Web
16,Rust,lapce,24915,733,Rust,https://github.com/lapce/lapce,lapce,553,2023-04-03T01:11:00Z,Lightning-fast and Powerful Code Editor written in Rust
17,Rust,vaultwarden,24105,1226,Rust,https://github.com/dani-garcia/vaultwarden,dani-garcia,8,2023-04-02T21:36:46Z,"Unofficial Bitwarden compatible server written in Rust, formerly known as bitwarden_rs"
18,Rust,nushell,24078,1190,Rust,https://github.com/nushell/nushell,nushell,741,2023-04-03T23:40:32Z,A new type of shell
19,Rust,tools,23079,661,Rust,https://github.com/rome/tools,rome,123,2023-04-03T15:14:32Z,"Unified developer tools for JavaScript, TypeScript, and the web"
20,Rust,bevy,23014,2316,Rust,https://github.com/bevyengine/bevy,bevyengine,995,2023-04-04T00:35:05Z,A refreshingly simple data-driven game engine built in Rust
21,Rust,exa,21276,625,Rust,https://github.com/ogham/exa,ogham,252,2023-03-30T14:59:41Z,A modern replacement for ‚Äòls‚Äô.
22,Rust,firecracker,21226,1516,Rust,https://github.com/firecracker-microvm/firecracker,firecracker-microvm,123,2023-04-03T18:49:29Z,Secure and fast microVMs for serverless computing.
23,Rust,helix,20699,1429,Rust,https://github.com/helix-editor/helix,helix-editor,795,2023-04-03T23:58:42Z,A post-modern modal text editor.
24,Rust,turbo,20546,1358,Rust,https://github.com/vercel/turbo,vercel,325,2023-04-04T00:33:46Z,"Incremental bundler and build system optimized for JavaScript¬†and TypeScript, written in Rust ‚Äì including Turbopack and Turborepo."
25,Rust,Rocket,20305,1408,Rust,https://github.com/SergioBenitez/Rocket,SergioBenitez,63,2023-04-03T23:09:59Z,A web framework for Rust.
26,Rust,tokio,19995,1869,Rust,https://github.com/tokio-rs/tokio,tokio-rs,230,2023-04-03T19:23:25Z,"A runtime for writing reliable asynchronous applications with Rust. Provides I/O, networking, scheduling, timers, ..."
27,Rust,xi-editor,19725,712,Rust,https://github.com/xi-editor/xi-editor,xi-editor,131,2023-04-03T20:08:58Z,A modern editor with a backend written in Rust.
28,Rust,surrealdb,19301,474,Rust,https://github.com/surrealdb/surrealdb,surrealdb,152,2023-04-03T17:31:16Z,"A scalable, distributed, collaborative, document-graph database, for the realtime web"
29,Rust,iced,18559,805,Rust,https://github.com/iced-rs/iced,iced-rs,162,2023-04-04T00:09:45Z,"A cross-platform GUI library for Rust, inspired by Elm"
30,Rust,sonic,18006,525,Rust,https://github.com/valeriansaliou/sonic,valeriansaliou,59,2023-03-10T20:37:20Z,"ü¶î Fast, lightweight & schema-less search backend. An alternative to Elasticsearch that runs on a few MBs of RAM."
31,Rust,relay,17682,1802,Rust,https://github.com/facebook/relay,facebook,423,2023-04-04T00:14:14Z,Relay is a JavaScript framework for building data-driven React applications.
32,Rust,v86,17509,1240,Rust,https://github.com/copy/v86,copy,95,2023-03-14T19:13:17Z,"x86 virtualization in your browser, recompiling x86 to wasm on the fly"
33,Rust,actix-web,17130,1485,Rust,https://github.com/actix/actix-web,actix,122,2023-04-02T04:58:46Z,"Actix Web is a powerful, pragmatic, and extremely fast web framework for Rust."
34,Rust,spacedrive,17017,460,Rust,https://github.com/spacedriveapp/spacedrive,spacedriveapp,26,2023-04-03T12:40:49Z,"Spacedrive is an open source cross-platform file explorer, powered by a virtual distributed filesystem written in Rust."
35,Rust,delta,16959,290,Rust,https://github.com/dandavison/delta,dandavison,159,2023-04-03T06:59:25Z,"A syntax-highlighting pager for git, diff, and grep output"
36,Rust,diem,16693,2600,Rust,https://github.com/diem/diem,diem,352,2023-04-03T12:49:43Z,Diem‚Äôs mission is to build a trusted and innovative financial network that empowers people and businesses around the world.
37,Rust,polars,16009,818,Rust,https://github.com/pola-rs/polars,pola-rs,588,2023-04-03T20:17:56Z,"Fast multi-threaded, hybrid-out-of-core DataFrame library in Rust | Python | Node.js"
38,Rust,hyperfine,15386,269,Rust,https://github.com/sharkdp/hyperfine,sharkdp,36,2023-04-01T18:37:24Z,A command-line benchmarking tool
39,Rust,Rust,15093,1496,Rust,https://github.com/TheAlgorithms/Rust,TheAlgorithms,5,2023-04-03T22:49:44Z, All Algorithms implemented in Rust 
40,Rust,rust-course,14926,1289,Rust,https://github.com/sunface/rust-course,sunface,34,2023-04-03T10:19:59Z,"‚ÄúËøûÁª≠ÂÖ≠Âπ¥Êàê‰∏∫ÂÖ®‰∏ñÁïåÊúÄÂèóÂñúÁà±ÁöÑËØ≠Ë®ÄÔºåÊó† GC ‰πüÊó†ÈúÄÊâãÂä®ÂÜÖÂ≠òÁÆ°ÁêÜ„ÄÅÊûÅÈ´òÁöÑÊÄßËÉΩÂíåÂÆâÂÖ®ÊÄß„ÄÅËøáÁ®ã/OO/ÂáΩÊï∞ÂºèÁºñÁ®ã„ÄÅ‰ºòÁßÄÁöÑÂåÖÁÆ°ÁêÜ„ÄÅJS Êú™Êù•Âü∫Áü≥"" ‚Äî Â∑•‰Ωú‰πã‰ΩôÁöÑÁ¨¨‰∫åËØ≠Ë®ÄÊù•ËØïËØï Rust Âêß„ÄÇ<<RustËØ≠Ë®ÄÂú£Áªè>>Êã•ÊúâÂÖ®Èù¢‰∏îÊ∑±ÂÖ•ÁöÑËÆ≤Ëß£„ÄÅÁîüÂä®Ë¥¥ÂàáÁöÑÁ§∫‰æã„ÄÅÂæ∑ËäôËà¨‰∏ùÊªëÁöÑÂÜÖÂÆπÔºåÁîöËá≥ËøòÊúâJSÁ®ãÂ∫èÂëòÂÖ≥Ê≥®ÁöÑ WASM Âíå Deno Á≠â‰∏ìÈ¢ò„ÄÇËøôÂèØËÉΩÊòØÁõÆÂâçÊúÄÁî®ÂøÉÁöÑ Rust ‰∏≠ÊñáÂ≠¶‰π†ÊïôÁ®ã / Book "
41,Rust,cube,14845,1525,Rust,https://github.com/cube-js/cube,cube-js,441,2023-04-03T23:27:50Z,üìä  Cube ‚Äî The Semantic Layer for Building Data Applications
42,Rust,wasmer,14839,634,Rust,https://github.com/wasmerio/wasmer,wasmerio,220,2023-04-03T19:45:48Z,üöÄ The leading WebAssembly Runtime supporting WASI and Emscripten
43,Rust,RustPython,14687,975,Rust,https://github.com/RustPython/RustPython,RustPython,240,2023-04-03T19:53:50Z,A Python Interpreter written in Rust
44,Rust,spotify-tui,14614,456,Rust,https://github.com/Rigellute/spotify-tui,Rigellute,229,2023-03-25T02:34:03Z,Spotify for the terminal written in Rust üöÄ
45,Rust,difftastic,14534,230,Rust,https://github.com/Wilfred/difftastic,Wilfred,106,2023-04-03T02:34:12Z,a structural diff that understands syntax üü•üü©
46,Rust,coreutils,14367,1011,Rust,https://github.com/uutils/coreutils,uutils,205,2023-04-03T15:58:55Z,Cross-platform Rust rewrite of the GNU coreutils
47,Rust,egui,14340,1021,Rust,https://github.com/emilk/egui,emilk,381,2023-04-03T08:50:28Z,egui: an easy-to-use immediate mode GUI in Rust that runs on both web and native
48,Rust,typst,14107,243,Rust,https://github.com/typst/typst,typst,195,2023-04-03T17:17:06Z,A new markup-based typesetting system that is powerful and easy to learn.
49,Rust,anki,13606,1695,Rust,https://github.com/ankitects/anki,ankitects,113,2023-04-03T02:51:30Z,Anki for desktop computers
50,Rust,vector,13112,1045,Rust,https://github.com/vectordotdev/vector,vectordotdev,1493,2023-04-03T23:46:31Z,A high-performance observability data pipeline.
51,Rust,Pake,13088,1075,Rust,https://github.com/tw93/Pake,tw93,3,2023-03-27T14:36:45Z,ü§±üèª Turn any webpage into a desktop app with Rust.  ü§±üèª ÂæàÁÆÄÂçïÁöÑÁî® Rust ÊâìÂåÖÁΩëÈ°µÁîüÊàêÂæàÂ∞èÁöÑÊ°åÈù¢ App
52,Rust,mdBook,12990,1328,Rust,https://github.com/rust-lang/mdBook,rust-lang,367,2023-04-03T12:37:19Z,Create book from markdown files. Like Gitbook but implemented in Rust
53,Rust,tikv,12881,1936,Rust,https://github.com/tikv/tikv,tikv,1010,2023-04-03T18:00:20Z,"Distributed transactional key-value database, originally created to complement TiDB"
54,Rust,gitui,12701,397,Rust,https://github.com/extrawurst/gitui,extrawurst,112,2023-04-03T10:18:44Z,Blazing üí• fast terminal-ui for git written in rust ü¶Ä
55,Rust,navi,12672,458,Rust,https://github.com/denisidoro/navi,denisidoro,51,2023-03-12T10:52:45Z,An interactive cheatsheet tool for the command-line
56,Rust,ruffle,12140,620,Rust,https://github.com/ruffle-rs/ruffle,ruffle-rs,2487,2023-04-04T00:19:52Z,A Flash Player emulator written in Rust
57,Rust,carbonyl,11967,262,Rust,https://github.com/fathyb/carbonyl,fathyb,37,2023-03-29T16:51:01Z,Chromium running inside your terminal
58,Rust,wasmtime,11904,954,Rust,https://github.com/bytecodealliance/wasmtime,bytecodealliance,509,2023-04-04T00:25:21Z,A fast and secure runtime for WebAssembly
59,Rust,book,11899,2801,Rust,https://github.com/rust-lang/book,rust-lang,179,2023-04-03T17:12:25Z,The Rust Programming Language
60,Rust,rust-analyzer,11729,1204,Rust,https://github.com/rust-lang/rust-analyzer,rust-lang,1217,2023-04-03T16:29:01Z,A Rust compiler front-end for IDEs
61,Rust,hyper,11533,1346,Rust,https://github.com/hyperium/hyper,hyperium,182,2023-04-03T19:35:23Z,An HTTP library for Rust
62,Rust,ruff,11433,357,Rust,https://github.com/charliermarsh/ruff,charliermarsh,242,2023-04-03T23:47:26Z,"An extremely fast Python linter, written in Rust."
63,Rust,tree-sitter,11386,682,Rust,https://github.com/tree-sitter/tree-sitter,tree-sitter,356,2023-04-04T00:39:35Z,An incremental parsing system for programming tools
64,Rust,just,11326,281,Rust,https://github.com/casey/just,casey,173,2023-03-29T14:38:28Z,ü§ñ Just a command runner
65,Rust,fnm,11186,313,Rust,https://github.com/Schniz/fnm,Schniz,97,2023-03-30T18:04:09Z,"üöÄ Fast and simple Node.js version manager, built in Rust"
66,Rust,zellij,11182,341,Rust,https://github.com/zellij-org/zellij,zellij-org,420,2023-04-03T16:55:28Z,A terminal workspace with batteries included
67,Rust,comprehensive-rust,11169,513,Rust,https://github.com/google/comprehensive-rust,google,48,2023-04-03T23:40:02Z,This is the Rust course used by the Android team at Google. It provides you the material to quickly teach Rust to everyone.
68,Rust,static-analysis,11095,1242,Rust,https://github.com/analysis-tools-dev/static-analysis,analysis-tools-dev,0,2023-04-03T22:17:38Z,"‚öôÔ∏è A curated list of static analysis (SAST) tools and linters for all programming languages, config files, build tools, and more. The focus is on tools which improve code quality."
69,Rust,clap,11054,911,Rust,https://github.com/clap-rs/clap,clap-rs,209,2023-04-03T21:32:47Z,"A full featured, fast Command Line Argument Parser for Rust"
70,Rust,rust-raspberrypi-OS-tutorials,10780,647,Rust,https://github.com/rust-embedded/rust-raspberrypi-OS-tutorials,rust-embedded,1,2023-03-09T11:19:03Z,:books: Learn to write an embedded OS in Rust :crab:
71,Rust,zola,10655,754,Rust,https://github.com/getzola/zola,getzola,161,2023-04-03T06:27:24Z,A fast static site generator in a single binary with everything built-in. https://www.getzola.org
72,Rust,diesel,10180,896,Rust,https://github.com/diesel-rs/diesel,diesel-rs,95,2023-03-31T10:29:00Z,"A safe, extensible ORM and Query Builder for Rust"
73,Rust,solana,10148,2813,Rust,https://github.com/solana-labs/solana,solana-labs,777,2023-04-04T00:38:59Z,"Web-Scale Blockchain for fast, secure, scalable, decentralized apps and marketplaces."
74,Rust,cargo,10136,1978,Rust,https://github.com/rust-lang/cargo,rust-lang,1374,2023-04-04T00:32:31Z,The Rust package manager
75,Rust,tui-rs,10111,481,Rust,https://github.com/fdehau/tui-rs,fdehau,92,2023-03-20T10:41:35Z,Build terminal user interfaces and dashboards using Rust
76,Rust,py-spy,10005,353,Rust,https://github.com/benfred/py-spy,benfred,100,2023-03-23T01:31:15Z,Sampling profiler for Python programs
77,Rust,zoxide,9965,357,Rust,https://github.com/ajeetdsouza/zoxide,ajeetdsouza,36,2023-03-19T09:50:28Z,A smarter cd command. Supports all major shells.
78,Rust,czkawka,9957,279,Rust,https://github.com/qarmin/czkawka,qarmin,255,2023-04-02T15:34:25Z,"Multi functional app to find duplicates, empty folders, similar images etc."
79,Rust,neovide,9855,389,Rust,https://github.com/neovide/neovide,neovide,354,2023-03-26T22:41:42Z,No Nonsense Neovim Client in Rust
80,Rust,RustScan,9604,689,Rust,https://github.com/RustScan/RustScan,RustScan,95,2023-03-04T18:19:36Z,ü§ñ The Modern Port Scanner ü§ñ
81,Rust,lsd,9577,314,Rust,https://github.com/lsd-rs/lsd,lsd-rs,96,2023-04-03T08:01:25Z,The next gen ls command
82,Rust,Infinite-Storage-Glitch,9509,684,Rust,https://github.com/DvorakDwarf/Infinite-Storage-Glitch,DvorakDwarf,0,2023-03-16T15:15:35Z,"ISG lets you use YouTube as cloud storage for ANY files, not just video"
83,Rust,axum,9507,657,Rust,https://github.com/tokio-rs/axum,tokio-rs,19,2023-04-01T18:49:38Z,"Ergonomic and modular web framework built with Tokio, Tower, and Hyper"
84,Rust,xsv,9282,296,Rust,https://github.com/BurntSushi/xsv,BurntSushi,108,2023-03-17T16:35:52Z,A fast CSV command line toolkit written in Rust.
85,Rust,universal-android-debloater,9216,535,Rust,https://github.com/0x192/universal-android-debloater,0x192,237,2023-04-02T08:42:45Z,"Cross-platform GUI written in Rust using ADB to debloat non-rooted android devices. Improve your privacy, the security and battery life of your device."
86,Rust,rust-clippy,9179,1193,Rust,https://github.com/rust-lang/rust-clippy,rust-lang,1676,2023-04-04T00:21:05Z,A bunch of lints to catch common mistakes and improve your Rust code. Book: https://doc.rust-lang.org/clippy/
87,Rust,druid,8770,549,Rust,https://github.com/linebender/druid,linebender,258,2023-03-26T22:46:11Z,A data-first Rust-native UI design toolkit. 
88,Rust,spotifyd,8766,417,Rust,https://github.com/Spotifyd/spotifyd,Spotifyd,52,2023-03-30T08:50:31Z,A spotify daemon
89,Rust,talent-plan,8647,1138,Rust,https://github.com/pingcap/talent-plan,pingcap,96,2023-02-26T08:31:48Z,open source training courses about distributed database and distributed systems
90,Rust,xray,8537,246,Rust,https://github.com/atom-archive/xray,atom-archive,16,2019-07-22T17:46:06Z,An experimental next-generation Electron-based text editor
91,Rust,broot,8482,195,Rust,https://github.com/Canop/broot,Canop,165,2023-04-03T23:41:31Z,A new way to see and navigate directory trees : https://dystroy.org/broot
92,Rust,sqlx,8402,856,Rust,https://github.com/launchbadge/sqlx,launchbadge,419,2023-03-31T19:08:21Z,"üß∞ The Rust SQL Toolkit. An async, pure Rust SQL crate featuring compile-time checked queries without a DSL. Supports PostgreSQL, MySQL, SQLite, and MSSQL."
93,Rust,rayon,8402,418,Rust,https://github.com/rayon-rs/rayon,rayon-rs,139,2023-03-16T04:41:08Z,Rayon: A data parallelism library for Rust
94,Rust,windows-rs,8183,357,Rust,https://github.com/microsoft/windows-rs,microsoft,26,2023-04-03T21:59:27Z,Rust for Windows
95,Rust,dioxus,8133,231,Rust,https://github.com/DioxusLabs/dioxus,DioxusLabs,102,2023-04-03T22:39:20Z,"React-like GUI library for desktop, web, mobile, tui, and more."
96,Rust,substrate,8090,2565,Rust,https://github.com/paritytech/substrate,paritytech,1034,2023-04-03T23:02:13Z,Substrate: The platform for blockchain innovators
97,Rust,pyo3,8083,525,Rust,https://github.com/PyO3/pyo3,PyO3,151,2023-03-30T10:05:58Z,Rust bindings for the Python interpreter
98,Rust,tokei,8050,405,Rust,https://github.com/XAMPPRocky/tokei,XAMPPRocky,95,2023-04-01T19:08:40Z,"Count your code, quickly."
99,Rust,wezterm,8004,387,Rust,https://github.com/wez/wezterm,wez,348,2023-04-04T00:05:29Z,A GPU-accelerated cross-platform terminal emulator and multiplexer written by @wez and implemented in Rust
100,Rust,tantivy,7911,467,Rust,https://github.com/quickwit-oss/tantivy,quickwit-oss,225,2023-04-04T00:14:06Z,Tantivy is a full-text search engine library inspired by Apache Lucene and written in Rust
1,Move,seaprotocol,5157,26,Move,https://github.com/sea-protocol/seaprotocol,sea-protocol,1,2023-03-30T03:19:45Z,"Sea protocol is the ultimate DEX base on order-book & AMM on Aptos & Sui.Anybody has the right to trade any asset anywhere, anytime!"
2,Move,movemate,177,51,Move,https://github.com/pentagonxyz/movemate,pentagonxyz,4,2022-12-19T10:47:15Z,Library of module building blocks for Move (Aptos and Sui).
3,Move,liquidswap,126,57,Move,https://github.com/pontem-network/liquidswap,pontem-network,0,2023-02-21T22:02:19Z,AMM core smart contracts
4,Move,move-by-example,121,2,Move,https://github.com/movefuns/move-by-example,movefuns,12,2022-11-01T00:26:24Z,Learn Move with examples
5,Move,econia,102,32,Move,https://github.com/econia-labs/econia,econia-labs,19,2023-04-03T22:30:54Z,Hyper-parallelized on-chain order book for the Aptos blockchain
6,Move,nft-protocol,87,37,Move,https://github.com/Origin-Byte/nft-protocol,Origin-Byte,13,2023-04-04T00:37:02Z,Sui NFT Smart contracts maintained by the Origin Byte team
7,Move,sui-move-intro-course,87,15,Move,https://github.com/sui-foundation/sui-move-intro-course,sui-foundation,0,2023-03-29T07:13:24Z,Introductory Course to the Sui Move language
8,Move,xyk-amm-move,86,19,Move,https://github.com/pentagonxyz/xyk-amm-move,pentagonxyz,2,2022-09-14T03:04:54Z,Aubrium is a constant product AMM (like Uniswap V2) built in Move on Sui and Aptos for swapping coins.
9,Move,pontem,72,64,Move,https://github.com/pontem-network/pontem,pontem-network,2,2022-11-19T17:01:43Z,üöÄ Pontem Parachain node with Move VM onboard.
10,Move,goblinSuiWarriorNFT,69,24,Move,https://github.com/joaoaccaldeira/goblinSuiWarriorNFT,joaoaccaldeira,1,2022-09-16T04:18:38Z,
11,Move,pancake-contracts-move,58,41,Move,https://github.com/pancakeswap/pancake-contracts-move,pancakeswap,3,2023-01-31T01:35:53Z,
12,Move,sui-swap-course,55,6,Move,https://github.com/movefuns/sui-swap-course,movefuns,0,2022-11-23T07:12:53Z,
13,Move,move-oracles,53,2,Move,https://github.com/pentagonxyz/move-oracles,pentagonxyz,1,2022-07-31T18:23:51Z,Oracles written in Move for the Sui Ecosystem
14,Move,movefuns,53,19,Move,https://github.com/movefuns/movefuns,movefuns,12,2022-12-12T08:30:23Z,The Move commons library for cross multi Move chain.
15,Move,Sui-AMM-swap,50,15,Move,https://github.com/OmniBTC/Sui-AMM-swap,OmniBTC,0,2023-03-28T04:07:49Z,The first open source AMM swap on the Sui. @mystenLabs
16,Move,aptoswap,44,19,Move,https://github.com/vividnetwork/aptoswap,vividnetwork,0,2023-01-22T07:54:09Z,Auto AMM platform for swapping token in Aptos blockchain
17,Move,starcoin-framework,44,25,Move,https://github.com/starcoinorg/starcoin-framework,starcoinorg,28,2023-04-03T09:10:24Z,The Starcoin Move framework
18,Move,starswap-core,43,18,Move,https://github.com/Elements-Studio/starswap-core,Elements-Studio,4,2022-12-05T02:55:55Z,The swap project on Starcoin such as Uniswap a Sushiswap
19,Move,aptos-names-contracts,41,14,Move,https://github.com/aptos-labs/aptos-names-contracts,aptos-labs,1,2023-03-20T21:56:19Z,
20,Move,v1-core,34,17,Move,https://github.com/AnimeSwap/v1-core,AnimeSwap,2,2023-01-11T06:08:40Z,Core smart contracts of AnimeSwap v1
21,Move,move-book-zh,31,10,Move,https://github.com/move-dao/move-book-zh,move-dao,0,2022-12-05T07:26:43Z,move book Chinese translate
22,Move,move-prover-examples,30,3,Move,https://github.com/Zellic/move-prover-examples,Zellic,0,2022-09-24T23:41:02Z,"A gentle, example-based guide to getting started with the Move prover."
23,Move,encode-sui-educate,30,5,Move,https://github.com/sui-foundation/encode-sui-educate,sui-foundation,4,2023-03-24T15:50:33Z,
24,Move,aptos-networks,30,27,Move,https://github.com/aptos-labs/aptos-networks,aptos-labs,0,2023-03-30T20:50:32Z,
25,Move,multisig-wallet-move,28,3,Move,https://github.com/pentagonxyz/multisig-wallet-move,pentagonxyz,0,2022-08-02T23:21:15Z,Multisignature wallet in Move (with support for adding and removing participants).
26,Move,MoveDID,26,12,Move,https://github.com/NonceGeek/MoveDID,NonceGeek,3,2023-04-03T02:45:22Z,DID Solution In Move
27,Move,Aptos-AMM-swap,24,7,Move,https://github.com/OmniBTC/Aptos-AMM-swap,OmniBTC,0,2022-12-08T10:01:21Z,AMM Swap on @aptos-labs
28,Move,OmniBridge,22,6,Move,https://github.com/OmniBTC/OmniBridge,OmniBTC,1,2022-10-31T08:50:04Z,Solve the fully decentralized cross-chain between any chain.
29,Move,u256,21,12,Move,https://github.com/pontem-network/u256,pontem-network,0,2023-01-14T06:09:39Z,Pure Move implementation of U256 numbers
30,Move,aptos-contracts-annotated,20,8,Move,https://github.com/rafales/aptos-contracts-annotated,rafales,0,2022-09-16T18:30:32Z,A bunch of annotated Aptos contracts written by me when I was learning Aptos development
31,Move,ferum-std,20,3,Move,https://github.com/ferum-labs/ferum-std,ferum-labs,0,2022-10-10T07:57:05Z,Move utilities used in the ferum dex
32,Move,taohe,19,3,Move,https://github.com/taoheorg/taohe,taoheorg,0,2022-08-18T17:07:00Z,Move smart contracts implementing nestable resources on MoveVM blockchains
33,Move,tutorial-lending,16,4,Move,https://github.com/hippospace/tutorial-lending,hippospace,0,2022-09-25T09:09:48Z,
34,Move,enchanter-magic-party,16,3,Move,https://github.com/Enchanter-Finance/enchanter-magic-party,Enchanter-Finance,0,2022-11-09T09:55:10Z,Welcome to Enchanter Magic Party!
35,Move,noot-standard,16,3,Move,https://github.com/capsule-craft/noot-standard,capsule-craft,0,2023-01-16T20:03:11Z,The digital asset standard for Sui. (Deprecated; see /capsules instead.)
36,Move,aptos-marketplace-contract,16,2,Move,https://github.com/0xCryptoAngel/aptos-marketplace-contract,0xCryptoAngel,0,2023-01-23T22:28:39Z,NFT marketplace smart contract with all functions based on Aptos blockchain
37,Move,aptos-token-staking,16,6,Move,https://github.com/mokshyaprotocol/aptos-token-staking,mokshyaprotocol,0,2023-01-27T14:31:39Z,The smart contract provides staking for Tokens and NFTs. The creators can decide the APR and way to distribute the gains.
38,Move,MoveCTF-1st-Challenge,14,0,Move,https://github.com/movectf/MoveCTF-1st-Challenge,movectf,0,2022-11-18T17:37:19Z,
39,Move,ferum,13,4,Move,https://github.com/ferum-labs/ferum,ferum-labs,1,2023-04-03T16:11:39Z,CLOB on Aptos giving liquidity providers unprecedented control.
40,Move,move_tutorial,13,2,Move,https://github.com/move-dao/move_tutorial,move-dao,0,2022-09-19T09:09:04Z,
41,Move,XEN-crypto,13,0,Move,https://github.com/sea-protocol/XEN-crypto,sea-protocol,0,2022-10-24T12:29:09Z,XEN on Aptos/Sui
42,Move,Vault-Test-Move,13,4,Move,https://github.com/blockchainlover2019/Vault-Test-Move,blockchainlover2019,0,2022-09-19T03:46:32Z,An app which allows users to deposit and withdraw their coins. This could be a simple move module on Aptos blockchain. 
43,Move,token,13,5,Move,https://github.com/aptos-labs/token,aptos-labs,2,2023-02-01T23:54:37Z,
44,Move,FAI,12,6,Move,https://github.com/BFlyFinance/FAI,BFlyFinance,1,2022-11-07T04:15:43Z,A stablecoin impletion in Move
45,Move,meson-contracts-aptos,12,4,Move,https://github.com/MesonFi/meson-contracts-aptos,MesonFi,4,2022-10-31T01:46:43Z,
46,Move,movecraft,12,2,Move,https://github.com/movecraftorg/movecraft,movecraftorg,3,2022-11-13T00:17:53Z,A minecraft-like on-chain game written in move language
47,Move,aptos-red-packet,12,3,Move,https://github.com/coming-chat/aptos-red-packet,coming-chat,0,2022-11-02T09:32:05Z,A red packet social application that combines the privacy chat on ComingChat and the omnichain wallet on ComingChat.
48,Move,aptos_contracts,11,1,Move,https://github.com/superdev0527/aptos_contracts,superdev0527,0,2022-10-26T15:42:17Z,
49,Move,move_fastly,11,0,Move,https://github.com/x24870/move_fastly,x24870,0,2023-01-30T05:22:41Z,
50,Move,move_ctf_writeup,11,1,Move,https://github.com/saruman9/move_ctf_writeup,saruman9,0,2022-11-09T09:20:53Z,Writeup for Move CTF 2022 by MoveBit and others.
51,Move,hello_move,10,2,Move,https://github.com/wpf008/hello_move,wpf008,0,2022-11-11T05:37:34Z,init
52,Move,faucet,10,7,Move,https://github.com/pontem-network/faucet,pontem-network,0,2022-11-15T19:12:53Z,Move Faucet contracts
53,Move,Move-Colearn-Camp-Seeshore,10,1,Move,https://github.com/Demian101/Move-Colearn-Camp-Seeshore,Demian101,0,2023-01-25T08:57:23Z,Move-Colearn-Camp-Seeshore
54,Move,aptos-staking,9,2,Move,https://github.com/capsule-craft/aptos-staking,capsule-craft,0,2022-10-10T19:36:54Z,
55,Move,liquidswap-lp,9,4,Move,https://github.com/pontem-network/liquidswap-lp,pontem-network,0,2022-09-22T13:38:08Z,Liquidty pool coin template
56,Move,Move-Workshop-GR,9,2,Move,https://github.com/xydas97/Move-Workshop-GR,xydas97,0,2022-11-24T10:43:44Z,"A demo of features, patterns and libraries in Sui Move, with the theme of an on-chain RPG."
57,Move,AMM-for-SUI-contracts,9,3,Move,https://github.com/TheArcadiaGroup/AMM-for-SUI-contracts,TheArcadiaGroup,0,2022-10-17T18:09:58Z,
58,Move,sui_intro_workshop,9,5,Move,https://github.com/hyd628/sui_intro_workshop,hyd628,1,2022-11-09T17:59:48Z,Sui Move 101 Workshop Repo
59,Move,capsules,9,0,Move,https://github.com/capsule-craft/capsules,capsule-craft,3,2023-04-04T00:09:28Z,"Metadata, ownership, and market standard for assets on Sui"
60,Move,0to1swap,9,5,Move,https://github.com/movefuns/0to1swap,movefuns,0,2022-10-25T14:19:41Z,
61,Move,fantoken-tutorial,8,12,Move,https://github.com/0xNeit/fantoken-tutorial,0xNeit,0,2022-10-21T07:10:35Z,
62,Move,lotus-contract,8,2,Move,https://github.com/myastrallabs/lotus-contract,myastrallabs,0,2023-01-14T06:07:25Z,"Proj Lotus Contract, NFT Marketplace Based on Aptos."
63,Move,satoshi-coin-flip,8,1,Move,https://github.com/MystenLabs/satoshi-coin-flip,MystenLabs,0,2023-03-09T10:56:15Z,Contains the implementation (with frontend) of a POC for the Time-locked Satoshi Coin Flip
64,Move,Dmens,8,5,Move,https://github.com/coming-chat/Dmens,coming-chat,0,2023-03-28T08:25:22Z,Decentralized Moments which is  a Blockchain Twitter Protocol  built on the Sui network
65,Move,test-coins,8,6,Move,https://github.com/pontem-network/test-coins,pontem-network,1,2022-12-13T08:51:48Z,Liquidswap Testcoins
66,Move,aptos-cid,8,2,Move,https://github.com/coming-chat/aptos-cid,coming-chat,0,2022-11-01T03:34:41Z,"Decentralized Identity on Aptos, the underlying account system of ComingChat"
67,Move,sui-axelar,7,3,Move,https://github.com/MystenLabs/sui-axelar,MystenLabs,2,2023-02-17T16:49:27Z,
68,Move,pseudo-random-generator,7,1,Move,https://github.com/mokshyaprotocol/pseudo-random-generator,mokshyaprotocol,0,2022-11-25T16:06:57Z,Generates pseudo random using sha2_256 function
69,Move,aptos-nft-ticket,7,5,Move,https://github.com/dhruvja/aptos-nft-ticket,dhruvja,0,2022-10-05T09:24:03Z,A simple module which would mint an NFT to the user whenever they purchase a ticket.
70,Move,move-oracle,7,0,Move,https://github.com/samsends/move-oracle,samsends,0,2022-07-31T02:20:36Z,
71,Move,suia,7,2,Move,https://github.com/Mynft/suia,Mynft,0,2023-03-28T17:27:49Z,
72,Move,Aptos-Contracts,7,4,Move,https://github.com/stader-labs/Aptos-Contracts,stader-labs,0,2022-08-31T02:18:48Z,
73,Move,inbox,7,1,Move,https://github.com/aptosis/inbox,aptosis,0,2023-03-01T19:05:23Z,
74,Move,syrup,7,2,Move,https://github.com/Origin-Byte/syrup,Origin-Byte,0,2022-10-21T14:03:52Z,NFT Liquidity Layer
75,Move,stormstout-contract,7,1,Move,https://github.com/myastrallabs/stormstout-contract,myastrallabs,0,2022-09-25T12:43:05Z,Aptos NFT marketplace contract
76,Move,originmate,7,5,Move,https://github.com/Origin-Byte/originmate,Origin-Byte,1,2023-04-03T16:21:44Z,Library of module building blocks for Sui
77,Move,DolaProtocol,6,1,Move,https://github.com/OmniBTC/DolaProtocol,OmniBTC,0,2023-04-03T10:59:14Z,"DOLA Protocol is a Decentralized Omnichain Liquidity Aggregation Protocol with the single coin pool of each public chain as the core, Wormhole, Layerzero and other cross-chain messaging protocols as the bridge, and Sui public chain as the settlement center."
78,Move,aptos-escrow-contract,6,1,Move,https://github.com/wb-ts/aptos-escrow-contract,wb-ts,0,2022-10-26T21:45:09Z,"Escrow Contract which users can swap their tokens where one person deposits the token in the escrow and when the other person transfer successfully, the tokens in the escrow get transferred to the other user."
79,Move,aptos-contract,6,0,Move,https://github.com/anyswap/aptos-contract,anyswap,0,2022-11-11T08:46:03Z,
80,Move,aptos-playground,6,1,Move,https://github.com/JustaLiang/aptos-playground,JustaLiang,0,2022-11-07T06:49:41Z,Practice Move language and writing notes
81,Move,mainnet-proposals,6,7,Move,https://github.com/aptos-foundation/mainnet-proposals,aptos-foundation,1,2023-04-03T20:10:04Z,
82,Move,aptos-token-vesting,6,3,Move,https://github.com/mokshyaprotocol/aptos-token-vesting,mokshyaprotocol,0,2023-01-18T08:30:59Z,Token Vesting Smart Contract for Aptos Blockchain.
83,Move,poly-stc-contracts,5,5,Move,https://github.com/Elements-Studio/poly-stc-contracts,Elements-Studio,1,2023-04-03T09:24:48Z,Poly bridge cross chain move support on starcoin
84,Move,move-tutorial,5,1,Move,https://github.com/web3-lab-dao/move-tutorial,web3-lab-dao,0,2023-02-24T14:45:55Z,
85,Move,AptinLend,5,1,Move,https://github.com/DreamXzxy/AptinLend,DreamXzxy,0,2022-09-07T14:04:34Z,
86,Move,aptos-test-vault,5,0,Move,https://github.com/tDev0809/aptos-test-vault,tDev0809,0,2022-09-24T11:28:19Z,
87,Move,rust-sui-examples,5,1,Move,https://github.com/wdshin/rust-sui-examples,wdshin,0,2022-12-14T10:22:49Z,a humble introduction to rust and sui move into action
88,Move,aptos-escrow,5,0,Move,https://github.com/dhruvja/aptos-escrow,dhruvja,0,2022-08-27T18:01:38Z,"This a module where users can swap their tokens where one person deposits the token in the escrow and when the other person transfer successfully, the tokens in the escrow get transferred to the other user."
89,Move,SVG-NFT-In-Move,5,0,Move,https://github.com/NonceGeek/SVG-NFT-In-Move,NonceGeek,4,2022-09-27T22:58:38Z,SVG NFT Implement in Move Language on Starcoin.
90,Move,nft-borrowing-lending-aptos,5,3,Move,https://github.com/mokshyaprotocol/nft-borrowing-lending-aptos,mokshyaprotocol,0,2023-03-12T11:37:18Z,Aptos Code for NFT borrow and lend
91,Move,machikado.network,5,2,Move,https://github.com/machikado-network/machikado.network,machikado-network,4,2022-11-30T16:36:36Z,
92,Move,ist-move-meetup-demos,5,1,Move,https://github.com/damirka/ist-move-meetup-demos,damirka,0,2022-07-20T22:21:37Z,
93,Move,cetus-amm,5,3,Move,https://github.com/CetusProtocol/cetus-amm,CetusProtocol,0,2023-02-01T07:32:44Z,The amm pools of cetus protocol
94,Move,NFT-Aptos-whitelist-presale,5,2,Move,https://github.com/Smartdev0328/NFT-Aptos-whitelist-presale,Smartdev0328,0,2022-10-31T11:54:09Z,
95,Move,move-cron-parser,4,0,Move,https://github.com/snowflake-so/move-cron-parser,snowflake-so,1,2022-09-08T02:24:02Z,Cron parser library written for Move language
96,Move,sui-move-framework-chinese,4,0,Move,https://github.com/dan0618x/sui-move-framework-chinese,dan0618x,0,2022-11-27T02:39:27Z,Â∞ásui move‰∏≠ÔºåÈÅãÁî®ÁöÑsourcesÂÖßÂÆπÂÇôË®ªÈÄ≤Ë°å‰∏≠ÊñáÁøªË≠Ø„ÄÇ          ÂñÆÁ¥îÂÄã‰∫∫Ëã±Êñá‰∏çÂ•ΩÔºåÁî®ÊñºÂÄã‰∫∫Â≠∏ÁøíÔºåËã•ÁøªË≠ØÊúâ‰∏çÊ≠£Á¢∫ÁöÑÂú∞ÊñπÊ≠°ËøéÊåáÊ≠£„ÄÇ           
97,Move,typus-dov,4,1,Move,https://github.com/Typus-Lab/typus-dov,Typus-Lab,0,2023-03-25T06:29:31Z,DeFi Option Vaults (DOV)
98,Move,ditto-interface,4,1,Move,https://github.com/ditto-research/ditto-interface,ditto-research,0,2022-11-02T04:32:48Z,
99,Move,kepler-aptos-contract,4,0,Move,https://github.com/kepler-homes/kepler-aptos-contract,kepler-homes,0,2022-12-07T04:01:59Z,
100,Move,ent-coin,4,3,Move,https://github.com/Enchanter-Finance/ent-coin,Enchanter-Finance,0,2022-11-03T15:25:28Z,Enchanter-Finance Aptos Coin => $ENT
1,Cairo,kakarot,334,69,Cairo,https://github.com/sayajin-labs/kakarot,sayajin-labs,20,2023-04-02T07:17:42Z,"ZK-EVM type 3 written in Cairo, leveraging STARK proof system."
2,Cairo,ZeroSync,243,27,Cairo,https://github.com/ZeroSync/ZeroSync,ZeroSync,3,2023-04-03T21:08:14Z,A STARK proof to sync a Bitcoin full node in an instant.
3,Cairo,starknet-cairo-101,193,84,Cairo,https://github.com/starknet-edu/starknet-cairo-101,starknet-edu,10,2023-04-03T13:31:33Z,Learn how to read Cairo code
4,Cairo,starklings-cairo1,149,52,Cairo,https://github.com/shramee/starklings-cairo1,shramee,6,2023-04-02T18:25:44Z,An interactive tutorial to get you up and running with Cairo v1 and Starknet
5,Cairo,RYO,107,16,Cairo,https://github.com/dopedao/RYO,dopedao,1,2022-05-16T16:06:10Z,Dope Wars game engine on StarkNet L2 roll-up
6,Cairo,contract,95,44,Cairo,https://github.com/age-of-eykar/contract,age-of-eykar,0,2022-11-15T17:54:46Z,The StarkNet Eykar smartcontract written in cairo. A decentralized game of conquest powered by blockchain. An almost infinite territory that can be conquered through alliances and wars.
7,Cairo,contract,90,45,Cairo,https://github.com/starknet-id/contract,starknet-id,1,2023-03-10T12:12:00Z,Contract of the starknet identity base NFT
8,Cairo,isaac,85,3,Cairo,https://github.com/topology-gg/isaac,topology-gg,4,2022-09-11T14:07:29Z,
9,Cairo,starknet-messaging-bridge,78,43,Cairo,https://github.com/starknet-edu/starknet-messaging-bridge,starknet-edu,3,2023-01-25T14:11:42Z,Learn how to build StarkNet <-> Ethereum cross layer applications
10,Cairo,quaireaux,72,23,Cairo,https://github.com/keep-starknet-strange/quaireaux,keep-starknet-strange,8,2023-04-02T18:41:17Z,A set of opinionated Cairo 1.0 libraries and algorithms.
11,Cairo,stark-attestations,67,4,Cairo,https://github.com/maxgillett/stark-attestations,maxgillett,1,2022-08-04T12:05:11Z,Share private EVM state attestations using STARK proofs
12,Cairo,starknet-accounts,66,20,Cairo,https://github.com/starknet-edu/starknet-accounts,starknet-edu,1,2023-02-11T07:53:42Z,Learn how to build and deploy StarkNet Accounts
13,Cairo,cairo-streams,61,6,Cairo,https://github.com/onlydustxyz/cairo-streams,onlydustxyz,6,2022-09-14T15:44:39Z,Array stream library written in pure Cairo
14,Cairo,garaga,59,12,Cairo,https://github.com/keep-starknet-strange/garaga,keep-starknet-strange,2,2023-04-03T17:38:44Z,"Efficient pairing library, written in Cairo üê∫."
15,Cairo,starknet-erc721,56,39,Cairo,https://github.com/starknet-edu/starknet-erc721,starknet-edu,2,2023-03-19T04:59:53Z,Learn how to deploy and customize an ERC721 token on StarkNet
16,Cairo,khepri,55,16,Cairo,https://github.com/bitcoin-stark/khepri,bitcoin-stark,4,2022-09-12T16:57:02Z,STARK-proven Stateful Bitcoin client enabling hyper fast trustless sync and checkpoints.
17,Cairo,briq-protocol,54,5,Cairo,https://github.com/briqNFT/briq-protocol,briqNFT,2,2023-03-08T15:13:22Z,Cairo / Starknet files for the Briq protocol and the Briq builder
18,Cairo,cairo-4626,51,3,Cairo,https://github.com/milancermak/cairo-4626,milancermak,0,2022-09-14T08:07:15Z,EIP 4626 in Cairo lang for Starknet
19,Cairo,braavos-account-cairo,48,5,Cairo,https://github.com/myBraavos/braavos-account-cairo,myBraavos,0,2023-03-26T13:57:53Z,Braavos Account Contract for Starknet
20,Cairo,starknet-erc20,43,22,Cairo,https://github.com/starknet-edu/starknet-erc20,starknet-edu,2,2023-02-23T06:59:04Z,Learn how to deploy and customize an ERC20 token on StarkNet
21,Cairo,cairo-multisig,40,1,Cairo,https://github.com/sambarnes/cairo-multisig,sambarnes,0,2022-05-28T15:05:22Z,A simple multisig implementation for StarkNet
22,Cairo,starknet-libs,39,5,Cairo,https://github.com/sekai-studio/starknet-libs,sekai-studio,1,2022-06-13T14:41:14Z,A set of librairies in Cairo for use on StarkNet
23,Cairo,JediSwap,39,19,Cairo,https://github.com/jediswaplabs/JediSwap,jediswaplabs,4,2023-03-31T18:07:53Z,JediSwap
24,Cairo,cairo1-template,38,3,Cairo,https://github.com/enitrat/cairo1-template,enitrat,0,2023-03-29T13:23:09Z,
25,Cairo,soul-moment,38,0,Cairo,https://github.com/ChecksFinance/soul-moment,ChecksFinance,0,2022-06-11T15:55:08Z,An attempt to provide an implementation of SBT in Cairo lang.
26,Cairo,cairo-bloom,38,1,Cairo,https://github.com/sambarnes/cairo-bloom,sambarnes,0,2022-05-28T15:06:48Z,A naive bloom filter implementation in Cairo
27,Cairo,astraly-contracts,38,12,Cairo,https://github.com/Astraly-Labs/astraly-contracts,Astraly-Labs,2,2022-10-19T15:22:56Z,Astraly Cairo Contracts
28,Cairo,stark-perpetual,37,14,Cairo,https://github.com/starkware-libs/stark-perpetual,starkware-libs,1,2023-03-15T15:27:08Z,
29,Cairo,10k_swap-contracts,36,10,Cairo,https://github.com/10k-swap/10k_swap-contracts,10k-swap,0,2023-03-23T10:36:30Z,A decentralized ZK Rollup AMM written in Cairo for StarkNet.
30,Cairo,chess-cairo,35,4,Cairo,https://github.com/greenlucid/chess-cairo,greenlucid,1,2022-12-26T18:54:26Z,A Cairo contract to play chess in Starknet.
31,Cairo,starknet-debug,35,12,Cairo,https://github.com/starknet-edu/starknet-debug,starknet-edu,0,2022-12-11T12:53:08Z,Learn how to debug a StarkNet smart contract
32,Cairo,kakarot-ssj,35,12,Cairo,https://github.com/sayajin-labs/kakarot-ssj,sayajin-labs,0,2023-03-28T20:37:00Z,Kakarot ZK-EVM in Cairo 1.0 üê∫ ‚ö°
33,Cairo,VRF-StarkNet,34,4,Cairo,https://github.com/StarkLinkVRF/VRF-StarkNet,StarkLinkVRF,0,2022-10-17T15:47:11Z,Contracts for verifiable randomness on StarkNet
34,Cairo,nistp256-cairo,34,4,Cairo,https://github.com/spartucus/nistp256-cairo,spartucus,0,2022-04-07T09:57:54Z,A cairo implementation of NIST P-256.
35,Cairo,bulletproof-cairo,33,3,Cairo,https://github.com/Lev-Stambler/bulletproof-cairo,Lev-Stambler,0,2022-09-23T15:28:47Z,
36,Cairo,cairo-base64,31,3,Cairo,https://github.com/dhruvkelawala/cairo-base64,dhruvkelawala,0,2022-05-25T02:12:56Z,"A base64 encoding library for Cairo. (Decoding in future, maybe?)"
37,Cairo,cairo-dutch,31,2,Cairo,https://github.com/sambarnes/cairo-dutch,sambarnes,0,2022-05-28T15:06:29Z,Various ERC-721 Dutch Auctions for StarkNet
38,Cairo,starknet-miden-verifier,30,1,Cairo,https://github.com/starkoracles/starknet-miden-verifier,starkoracles,6,2023-03-23T10:49:15Z,Verify Miden proofs on Starknet
39,Cairo,WTF-Cairo,30,8,Cairo,https://github.com/WTFAcademy/WTF-Cairo,WTFAcademy,1,2023-01-18T05:13:06Z,WTF Cairo-lang ÊûÅÁÆÄÊïôÁ®ãÔºåÁºñÂÜô Starknet Êô∫ËÉΩÂêàÁ∫¶„ÄÇCairo-lang tutorials for Starknet smart contracts.
40,Cairo,deploy-cairo1-demo,30,10,Cairo,https://github.com/starknet-edu/deploy-cairo1-demo,starknet-edu,4,2023-03-30T09:39:49Z,
41,Cairo,cairo-mmr,29,0,Cairo,https://github.com/HerodotusDev/cairo-mmr,HerodotusDev,0,2023-03-08T12:26:33Z,Cairo Merkle Mountain Range
42,Cairo,starkonquest,28,17,Cairo,https://github.com/onlydustxyz/starkonquest,onlydustxyz,11,2022-12-20T15:22:12Z,An educational game to learn Cairo where you implement ship AIs that fight to catch as much dust as possible!
43,Cairo,xoroshiro-cairo,27,3,Cairo,https://github.com/milancermak/xoroshiro-cairo,milancermak,0,2022-09-05T20:23:51Z,xoroshiro PRNG implementation in Cairo
44,Cairo,graphiro,26,1,Cairo,https://github.com/lucadonnoh/graphiro,lucadonnoh,0,2022-07-12T14:56:31Z,A graph library built with Cairo
45,Cairo,sphinx,26,1,Cairo,https://github.com/Th0rgal/sphinx,Th0rgal,0,2022-09-15T17:22:03Z,"A collection of fun things you can do in Cairo. Pass storage variable as parameters, do functional programming with fold_left or manipulate bits."
46,Cairo,axelrod,26,0,Cairo,https://github.com/lucadonnoh/axelrod,lucadonnoh,0,2022-07-10T16:04:12Z,Iterated prisoner's dilemma tournaments implemented with Cairo
47,Cairo,Ogame-Cairo,25,3,Cairo,https://github.com/ametel01/Ogame-Cairo,ametel01,0,2022-12-01T19:50:22Z,Ogame implementation written in cairo
48,Cairo,walking-with-starknet,25,12,Cairo,https://github.com/starknet-edu/walking-with-starknet,starknet-edu,2,2022-12-01T03:21:36Z,Cairo and StarkNet educational guides in several languages
49,Cairo,common-ec-cairo,24,8,Cairo,https://github.com/EulerSmile/common-ec-cairo,EulerSmile,0,2022-04-07T09:01:04Z,A Cairo implementation of common Elliptic Curve.
50,Cairo,cairopen-contracts,24,5,Cairo,https://github.com/CairOpen/cairopen-contracts,CairOpen,0,2022-09-15T12:16:36Z,A set of standardised Cairo librairies for use on StarkNet
51,Cairo,carbon-protocol,24,9,Cairo,https://github.com/Carbonable/carbon-protocol,Carbonable,23,2023-03-28T10:09:52Z,Carbon Starknet Protocol written in Cairo.
52,Cairo,cairo-graphs,21,3,Cairo,https://github.com/enitrat/cairo-graphs,enitrat,0,2022-09-25T07:25:06Z,A graph library written in Cairo
53,Cairo,starknet-array-manipulation,21,1,Cairo,https://github.com/gaetbout/starknet-array-manipulation,gaetbout,0,2022-09-06T16:35:20Z,
54,Cairo,Cairo-NFT-Lending-Auction,20,0,Cairo,https://github.com/0xKermo/Cairo-NFT-Lending-Auction,0xKermo,0,2022-04-15T00:35:54Z,
55,Cairo,starkex-for-spot-trading,20,11,Cairo,https://github.com/starkware-libs/starkex-for-spot-trading,starkware-libs,1,2022-05-09T12:46:06Z,
56,Cairo,starknet_prediction_market,19,0,Cairo,https://github.com/udayj/starknet_prediction_market,udayj,0,2022-05-16T05:48:33Z,Private Prediction Market for Starknet
57,Cairo,flashloan-starknet,19,3,Cairo,https://github.com/tohrnii/flashloan-starknet,tohrnii,0,2022-04-16T00:10:57Z,
58,Cairo,cairo-contracts,19,2,Cairo,https://github.com/CodeforDAO/cairo-contracts,CodeforDAO,0,2022-06-13T09:45:23Z,CodeforDAO contracts in Cairo lang
59,Cairo,carmine-protocol,18,6,Cairo,https://github.com/CarmineOptions/carmine-protocol,CarmineOptions,0,2023-03-31T14:57:12Z,Carmine options protocol
60,Cairo,starknet-felt-packing,18,0,Cairo,https://github.com/gaetbout/starknet-felt-packing,gaetbout,0,2022-09-20T17:15:30Z,
61,Cairo,StarknetCC-CTF,17,2,Cairo,https://github.com/pscott/StarknetCC-CTF,pscott,0,2022-11-07T12:56:45Z,Write up of the StarknetCC-Lisbon-CTF
62,Cairo,starkhitchhiker,17,1,Cairo,https://github.com/wenzhenxiang/starkhitchhiker,wenzhenxiang,0,2023-03-30T08:05:20Z,"Collecting the best learning materials for Stark, StarkNet, and Cairo to provide convenience for Chinese users so that they can participate better in the construction of Stark."
63,Cairo,starknet-btc-lightclient,16,6,Cairo,https://github.com/samlaf/starknet-btc-lightclient,samlaf,0,2022-05-11T23:45:27Z,
64,Cairo,cairo-webauthn,15,4,Cairo,https://github.com/cartridge-gg/cairo-webauthn,cartridge-gg,6,2022-10-10T18:27:59Z,Cairo verification of webauthn authentication credentials
65,Cairo,CairoLearnXinYminutes,15,3,Cairo,https://github.com/Darlington02/CairoLearnXinYminutes,Darlington02,0,2023-02-14T08:46:41Z,Take a whirlwind tour of Cairo
66,Cairo,dojo-alpha,15,2,Cairo,https://github.com/dojoengine/dojo-alpha,dojoengine,4,2023-01-17T01:48:40Z,
67,Cairo,ratios_cairo,14,1,Cairo,https://github.com/0xtonysprocket/ratios_cairo,0xtonysprocket,0,2022-07-18T20:08:04Z,"Repository that defines a cairo struct called ratio that represents a rational number, x/y where x and y are in z mod p. Defines several operations between ratios."
68,Cairo,hyperion,14,0,Cairo,https://github.com/bigsky77/hyperion,bigsky77,0,2022-09-01T15:14:42Z,Stablecoin AMM for Starknet
69,Cairo,cairo-base64,14,2,Cairo,https://github.com/cartridge-gg/cairo-base64,cartridge-gg,0,2022-10-08T23:38:38Z,Base64 encode felts
70,Cairo,token_gated_account,14,2,Cairo,https://github.com/udayj/token_gated_account,udayj,0,2022-04-21T09:42:58Z,ERC721 token gated account contract for starknet
71,Cairo,starkvest,14,5,Cairo,https://github.com/abdelhamidbakhta/starkvest,abdelhamidbakhta,0,2022-12-13T10:22:36Z,StarkNet ERC20 token vesting smart contracts
72,Cairo,ZeroKnowledgeBootcamp,14,51,Cairo,https://github.com/ExtropyIO/ZeroKnowledgeBootcamp,ExtropyIO,0,2023-02-20T15:29:59Z,
73,Cairo,optimized_ecc_cairo,13,0,Cairo,https://github.com/NethermindEth/optimized_ecc_cairo,NethermindEth,1,2023-02-08T09:14:41Z,Cairo implementation of operations over the elliptic curve BLS12-381
74,Cairo,cairo-sha256,13,3,Cairo,https://github.com/cartridge-gg/cairo-sha256,cartridge-gg,0,2022-11-02T15:16:18Z,Computes SHA256 of arbitrary length inputs.
75,Cairo,shefcraft,13,2,Cairo,https://github.com/franalgaba/shefcraft,franalgaba,2,2023-03-26T11:22:37Z,Smart Contract Deployment system for Cairo
76,Cairo,cairo-jsonwebtoken,13,0,Cairo,https://github.com/boli-bohan/cairo-jsonwebtoken,boli-bohan,0,2022-05-30T16:01:06Z,JsonWebToken implementation for cairo-lang http://self-issued.info/docs/draft-ietf-oauth-json-web-token.html
77,Cairo,starknet-commit-reveal,13,0,Cairo,https://github.com/gaetbout/starknet-commit-reveal,gaetbout,0,2023-03-13T17:27:38Z,
78,Cairo,Solidity-vs-Cairo,12,1,Cairo,https://github.com/0xKermo/Solidity-vs-Cairo,0xKermo,0,2022-05-27T15:01:25Z,
79,Cairo,efficient-secp256r1,12,2,Cairo,https://github.com/myBraavos/efficient-secp256r1,myBraavos,0,2023-03-22T14:37:49Z,An efficient implementation of ECDSA on secp256r1 in Cairo
80,Cairo,No-Game,11,4,Cairo,https://github.com/ametel01/No-Game,ametel01,4,2022-12-01T19:49:29Z,Ogame implementation written in Cairo to be run on Starknet
81,Cairo,experiments-in-cairo,11,0,Cairo,https://github.com/milancermak/experiments-in-cairo,milancermak,0,2022-06-15T17:08:29Z,A Cairo playground
82,Cairo,v1-core-starknet,11,0,Cairo,https://github.com/tradeflows/v1-core-starknet,tradeflows,0,2023-01-23T01:17:38Z,DeFi Primitive for decentralised Commerce
83,Cairo,DOJO,11,1,Cairo,https://github.com/BibliothecaDAO/DOJO,BibliothecaDAO,6,2023-01-11T01:06:05Z,On-chain gaming toolkit
84,Cairo,cairo-erc-3525,10,2,Cairo,https://github.com/carbonable-labs/cairo-erc-3525,carbonable-labs,3,2023-02-27T14:05:55Z,Semi-Fungible Token
85,Cairo,bto-cairo,10,0,Cairo,https://github.com/greged93/bto-cairo,greged93,0,2023-03-29T19:11:21Z,Binary Tree Operator written in Cairo
86,Cairo,starknet-cairo-odyssey,10,1,Cairo,https://github.com/chainstacklabs/starknet-cairo-odyssey,chainstacklabs,0,2022-11-28T05:53:42Z,Learnings and first steps to work with StarkNet and create smart contracts with Cairo.
87,Cairo,cairo-underhanded,10,0,Cairo,https://github.com/milancermak/cairo-underhanded,milancermak,0,2022-04-28T11:05:57Z,My winning submission to the Cairo underhanded contest
88,Cairo,prototype,10,0,Cairo,https://github.com/sambarnes/prototype,sambarnes,0,2022-05-29T03:19:00Z,a batteries-included template for Cairo projects on StarkNet
89,Cairo,cairo-paradigm-ctf,10,0,Cairo,https://github.com/amanusk/cairo-paradigm-ctf,amanusk,1,2022-08-25T12:46:31Z,Solutions and scripts for Cairo Challenges of Paradigm CTF 2022 
90,Cairo,fixed_point,10,0,Cairo,https://github.com/0xtonysprocket/fixed_point,0xtonysprocket,0,2022-07-25T17:03:17Z,fixed point math in cairo
91,Cairo,PokerDeck-Cairo,9,0,Cairo,https://github.com/widroz/PokerDeck-Cairo,widroz,0,2022-05-19T14:32:10Z,
92,Cairo,mirror-starknet-zkgraph-protocol,9,2,Cairo,https://github.com/ZK-Graph/mirror-starknet-zkgraph-protocol,ZK-Graph,3,2022-10-06T14:30:38Z,StarkNet based Lens Protocol compatible social graph with ZK security features.
93,Cairo,CairoBootcamp,9,30,Cairo,https://github.com/ExtropyIO/CairoBootcamp,ExtropyIO,0,2022-11-10T16:59:45Z,Repo for the Encode Cairo 5 week bootcamp
94,Cairo,pxls-contracts,9,0,Cairo,https://github.com/nmalzieu/pxls-contracts,nmalzieu,0,2022-12-12T11:11:58Z,
95,Cairo,creative-cairo,9,1,Cairo,https://github.com/shramee/creative-cairo,shramee,0,2023-03-27T23:33:19Z,Creative coding with Cairo
96,Cairo,cairo_exercises,9,1,Cairo,https://github.com/guiltygyoza/cairo_exercises,guiltygyoza,0,2022-09-06T12:18:24Z,
97,Cairo,StarkDefi-contracts,9,3,Cairo,https://github.com/Starkdefi/StarkDefi-contracts,Starkdefi,0,2023-03-30T11:29:21Z,
98,Cairo,remix-game-day,9,5,Cairo,https://github.com/starknet-edu/remix-game-day,starknet-edu,0,2023-01-18T08:51:25Z,A short exercice to deploy a StarkNet contract using remix
99,Cairo,shoshin,8,3,Cairo,https://github.com/topology-gg/shoshin,topology-gg,1,2023-04-03T17:33:16Z,
100,Cairo,fangcheng,8,0,Cairo,https://github.com/beautyisourbusiness/fangcheng,beautyisourbusiness,0,2022-08-24T17:41:46Z,Cairo solver of systems of linear equations and matrix utils 
